club_id,name,domestic_competition_id,squad_size,foreigners_number,national_team_players,stadium_name,stadium_seats,net_transfer_record
2578,Saint Johnstone Football Club,SC1,25,16,2,McDiarmid Park,10696,+-0
2727,Oud-Heverlee Leuven,BE1,29,16,2,King Power at Den Dreef Stadion,10020,+300k
28643,SK Beveren,BE1,27,16,3,Freethielstadion,13290,-350k
2990,Académica Coimbra,PO1,26,6,0,Estádio Cidade de Coimbra,29744,+150k
3057,Royal Standard Club de Liège,BE1,27,18,10,Maurice Dufrasne Stadion,27670,+3.11m
3690,SKA Khabarovsk,RU1,27,4,0,Lenin Stadion,15200,-93k
4795,FC Ingolstadt 04,L1,28,8,1,Audi Sportpark,15800,+1.55m
511,Dundee Football Club,SC1,26,16,3,Kilmac Stadium at Dens Park,11850,+-0
5358,SD Huesca,ES1,24,8,2,El Alcoraz,9128,+1.43m
603,Cardiff City,GB1,28,24,8,Cardiff City Stadium,33280,-655k
60551,Sport Klub Dnipro-1,UKR1,23,0,3,Dnipro-Arena,31003,+6.62m
6996,Goverla Uzhgorod (- 2016),UKR1,0,0,0,Avangard,10640,+-0

969,Montpellier Hérault Sport Club,FR1,25,12,8,Stade de la Mosson,32939,+28.60m
969,Montpellier Hérault Sport Club,FR1,25,12,8,Stade de la Mosson,32939,+28.60m

970,,FR1,25,12,8,Stade de la Mosson,32939,+28.60m  
971,Paris Saint-Germain,,25,12,8,Parc des Princes,47929,+150.00m  

972,Club A,FR1,25,12,8,Stadium A,30000,+28.60m  
973,Club B,GB1,26,17,12,Stadium B,40000,28600000  
974,Club C,IT1,27,18,16,Stadium C,50000,28.6M  
975,Club D,ES1,28,19,17,Stadium D,60000,€28.60m  
976,Club E,NL1,29,20,18,Stadium E,70000,+28,600,000  
977,Club F,RU1,30,21,19,Stadium F,80000,-125.79 million  
978,Club G,FR1,31,22,20,Stadium G,90000,N/A  

979,MontpÃ©llier HÃ©rault SC,FR1,25,12,8,Stade de la Mosson,32939,+28.60m
980,Ð¤Ñ\x83Ñ\x82Ð±Ð¾Ð»Ñ\x8cÐ½Ñ\x8bÐ¹ ÐºÐ»Ñ\x83Ð±,RU1,25,5,11,RZD Arena,27084,+280k

981,Футбольный клуб Локомотив,RU1,25,5,11,RZD Arena,27084,+280k  
982,Futbolnyy klub Lokomotiv,RU1,25,5,11,RZD Arena,27084,+280k  
983,FC Lokomotiv Moscow,RU1,25,5,11,RZD Arena,27084,+280k  

984, Real Madrid ,ES1,26,17,12,Santiago Bernabéu,81044,+150.00m  # leading/trailing
985,  FC Barcelona,ES1,25,18,16,Camp Nou,99354,+200.00m  # leading only
986,Atlético Madrid  ,ES1,27,19,17,Wanda Metropolitano,68456,+80.00m  # trailing

987,Club X,FR1,25,12,8,stade de france,80000,+50.00m
988,Club Y,FR1,26,13,9,Stade De France,80000,+55.00m
989,Club Z,FR1,27,14,10,STADE DE FRANCE,80000,+60.00m

990,Club AA,FR1,25.5,12,8,Stadium,30000,+28.60m  
991,Club BB,GB1,twenty-six,17,12,Stadium,40000,+30.00m  

8024,Futebol Clube de Arouca,PO1,27,22,2,Estádio Municipal de Arouca,5600,+7.44m
868,Makina ve Kimya Endüstrisi Ankaragücü Spor Kulübü,TR1,36,16,8,Eryaman Stadyumu,20672,-1.35m
903,Hibernian Football Club,SC1,24,19,7,Easter Road Stadium,20250,+1.71m
969,Montpellier Hérault Sport Club,FR1,25,12,8,Stade de la Mosson,32939,+28.60m
989,Association Football Club Bournemouth,GB1,26,17,12,Vitality Stadium,11329,-125.79m
993,Córdoba CF,ES1,24,4,0,Nuevo Arcángel,21822,+-0
1025,Bologna Football Club 1909,IT1,27,20,13,Stadio Renato Dall’Ara,36462,-31.50m
1082,Lille Olympique Sporting Club Lille Métropole,FR1,25,18,7,Decathlon Arena-Stade Pierre-Mauroy,50186,+3.65m
1160,Nîmes Olympique,FR1,26,12,3,Stade des Antonins,8033,+2.50m
11688,Giresunspor,TR1,17,1,1,Çotanak Spor Kompleksi,21500,+-0
124,Rangers Football Club,SC1,29,22,10,Ibrox Stadium,50987,-3.45m
1465,Grupo Desportivo Estoril Praia,PO1,27,18,4,Estádio António Coimbra da Mota,5000,+9.25m
2477,Karpaty Lviv (-2021),UKR1,0,0,0,Stadion Ukraina,28051,+-0
2553,Kilmarnock Football Club,SC1,25,12,2,"BBSP Stadium, Rugby Park",18128,+-0
2672,APO Levadiakos,GR1,31,17,0,Stadio Livadias,5915,+-0
2740,Vorskla Poltava,UKR1,30,11,1,Vorskla im. Oleksiy Butovskyi,23842,+900k
3008,Hull City,GB1,28,17,6,MKM Stadium,25586,+7.50m
31,Liverpool Football Club,GB1,28,21,18,Anfield,60725,-111.30m
336,Sporting Clube de Portugal,PO1,26,14,7,Estádio José Alvalade XXI,50095,+62.05m
3911,Stade brestois 29,FR1,24,6,3,Stade Francis-Le Blé,15220,+5.10m
4,1.FC Nuremberg,L1,33,7,2,Max-Morlock-Stadion,50000,+2.63m
410,Udinese Calcio,IT1,29,26,9,Bluenergy Stadium,25144,+6.34m
41231,FK Sochi,RU1,26,12,4,Fisht Olympic Stadium,45994,+1.49m
4128,Amkar Perm,RU1,26,0,0,Zvezda,17000,+-0
449,Trabzonspor Kulübü,TR1,28,13,11,Papara Park,41131,-9.61m
4603,AE Larisa,GR1,28,6,0,Stadio Alkazar,13108,+-0
55686,TOV FK Metalist 1925 Kharkiv,UKR1,28,3,0,Arena Livyi Bereg,4700,-175k
566,Beerschot AC,BE1,0,0,0,Olympisch Stadion,12771,+-0
595,SC Bastia,FR1,25,8,6,Stade Armand-Cesari,16480,+480k
6890,İstanbul Başakşehir Futbol Kulübü,TR1,35,16,5,Başakşehir Fatih Terim,17156,+1.10m
7185,Panthrakikos Komotini,GR1,29,3,0,Stadio Komotinis OPAP,5601,+-0
83678,Metalist Kharkiv,UKR1,25,7,0,Avangard,10640,+300k
932,"Футбольный клуб ""Локомотив"" Москва",RU1,25,5,11,RZD Arena,27084,+280k
1010,Watford FC,GB1,30,24,12,Vicarage Road,21577,+42.02m
1108,Deportivo Alavés S.A.D.,ES1,23,9,3,Mendizorroza,19840,-7.90m
1124,FK Fakel Voronezh,RU1,26,3,1,Central Stadium of Profsoyuzes,21793,-60k
1158,Football Club Lorient-Bretagne Sud,FR1,28,16,11,Stade du Moustoir,19010,+30.30m
1177,Silkeborg Idrætsforening,DK1,25,6,4,JYSK Park,10000,+3.48m
13,Club Atlético de Madrid S.A.D.,ES1,25,16,14,Civitas Metropolitano,70460,+48.60m
131,Futbol Club Barcelona,ES1,26,11,16,Olímpic Lluís Companys,49472,+64.04m
133,SC Cambuur Leeuwarden,NL1,16,4,3,Cambuurstadion,10250,+-0
141,Galatasaray Spor Kulübü,TR1,29,16,10,Ali Sami Yen Spor Kompleksi RAMS Park,52468,+19.16m
1411,RAEC Mons (- 2015),BE1,0,0,0,Stade Charles Tondreau,12662,+-0
169,Panionios Athens,GR1,34,4,0,Stadio Neas Smyrnis,11700,+-0
18,Borussia Verein für Leibesübungen 1900 Mönchengladbach,L1,31,16,8,Stadion im Borussia-Park,54042,-4.48m
18105,PFK Lviv,UKR1,3,0,0,Stadion SKIF,3742,+-0
2036,1. Fußballclub Heidenheim 1846,L1,28,5,1,Voith-Arena,15000,-2.30m
273,Stade Rennais Football Club,FR1,24,11,8,Roazhon Park,29778,+62.10m
3325,Grupo Desportivo de Chaves,PO1,26,14,3,Estádio Municipal Eng.º Manuel Branco Teixeira,8396,+250k
3327,FC Penafiel,PO1,28,4,0,Estádio Municipal 25 de Abril,5230,+-0
366,Real Valladolid CF,ES1,22,11,6,Nuevo José Zorrilla,27618,+2.50m
4294,Sporting Clube Farense,PO1,27,15,2,Estádio de São Luís,7000,+-0
458,Palermo FC,IT1,28,7,4,"Comunale Renzo Barbera ""La Favorita""",36365,-7.94m
46,Football Club Internazionale Milano S.p.A.,IT1,25,16,19,Giuseppe Meazza,75923,+58.60m
5220,GS Ergotelis,GR1,3,0,0,Pankritio Stadio,25780,+-0
5572,Niki Volou,GR1,26,7,2,Panthessaliko Stadio,22700,+-0
5817,SönderjyskE,DK1,30,9,1,Sydbank Park,10000,+1.80m
605,Aris Thessalonikis,GR1,33,25,6,"Gipedo ""Kleanthis Vikelidis""",22800,+7.05m
995,Football Club de Nantes,FR1,25,13,9,Stade de la Beaujoire,37463,+10.85m
1003,Leicester City,GB1,25,14,11,King Power Stadium,32273,+26.00m
1237,Brighton and Hove Albion Football Club,GB1,27,19,16,AMEX Stadium,31800,+86.40m
1436,SC Beira-Mar,PO1,26,8,0,Estádio Municipal de Aveiro,32830,+-0
1455,FC Dordrecht,NL1,29,12,1,Matchoholic Stadion,4235,+-0
14589,FC Orenburg,RU1,29,14,5,Gazovik,10046,-3.08m
1519,Dundee United FC,SC1,25,8,2,Tannadice Park,14223,+350k
16239,Desna Chernigiv,UKR1,0,0,0,Stadion im. Yuriya Gagarina,12060,+-0
173,Odense Boldklub,DK1,26,12,7,Nature Energy Park,15790,+7.64m
200,Football Club Utrecht,NL1,26,15,2,"Stadion ""Galgenwaard""",23750,+12.30m
206,Brøndby Idrætsforening,DK1,28,12,3,Brøndby Stadion,28000,+3.81m
2715,RFC Seraing,BE1,22,13,2,Stade du Paray,6744,+400k
28956,AEL Kalloni,GR1,0,0,0,Stadio Mytilinis,4000,+-0
2969,Dijon FCO,FR1,29,14,4,Stade Gaston-Gérard,16098,+1.50m
2995,FC Paços de Ferreira,PO1,32,17,1,Estádio Capital do Móvel,9076,+-0
3426,Esbjerg fB,DK1,27,10,2,Blue Water Arena,16942,+-0
3522,Spezia Calcio,IT1,32,25,11,Alberto Picco,11676,-3.95m
3609,Rotor Volgograd,RU1,27,2,0,Volgograd Arena,45568,-13k
39097,FK Obolon Kyiv,UKR1,24,1,0,Obolon-Arena,5103,-200k
39722,Erzurumspor FK,TR1,28,7,1,Erzurum Kazım Karabekir,23700,+70k
40,FC Girondins Bordeaux,FR1,26,13,6,Matmut Atlantique,42115,+12.70m
41274,Beerschot V.A.,BE1,26,12,2,Olympisch Stadion,12771,+395k
43,Heart of Midlothian Football Club,SC1,27,16,9,Tynecastle Park,19852,+150k
47,Iraklis Thessaloniki,GR1,27,9,0,Kaftanzoglio Stadio,27770,+-0
4750,SC Olhanense,PO1,10,5,0,Estádio José Arcanjo,10080,+-0
589,Antalyaspor,TR1,28,13,4,Corendon Airlines Park Antalya Stadı,29307,+9.43m
6,Adanaspor,TR1,10,4,0,Yeni Adana Stadyumu,33000,+-0
6195,Società Sportiva Calcio Napoli,IT1,26,19,17,Stadio Diego Armando Maradona,54726,-24.30m
82,Verein für Leibesübungen Wolfsburg,L1,28,18,13,Volkswagen Arena,28917,-2.60m
1050,Villarreal Club de Fútbol S.A.D.,ES1,29,11,11,La Cerámica,23500,+99.40m
1096,Royal Antwerp Football Club,BE1,27,13,3,De Bosuil,16144,+31.35m
1147,AC Ajaccio,FR1,24,11,6,Stade François-Coty,10446,+-0
130,Parma Calcio 1913,IT1,30,23,6,Ennio Tardini,22352,-4.37m
1429,Cesena FC,IT1,28,4,0,Orogel Stadium - Dino Manuzzi,23860,+335k
15,Bayer 04 Leverkusen Fußball,L1,27,22,20,BayArena,30210,-12.60m
16247,PFK Stal Kamyanske (-2018),UKR1,0,0,0,Obolon,5100,+-0
20100,FC Vestsjaelland,DK1,0,0,0,Harboe Arena,10000,+-0
20698,Balikesirspor,TR1,22,1,0,Balıkesir Atatürk,15800,+-0
2323,Orduspor,TR1,3,0,0,19 Eylül Stadyum,11024,+-0
2722,SPAL,IT1,32,8,2,Paolo Mazza,16134,+2.75m
276,Verona Hellas Football Club,IT1,27,19,8,Marcantonio Bentegodi,39211,+84.30m
3329,Futebol Clube de Famalicão,PO1,26,19,3,Estádio Municipal de Famalicão,5305,+22.80m
3691,Tom Tomsk,RU1,0,0,0,Trud,10028,+-0
370,Aberdeen Football Club,SC1,23,16,6,Pittodrie Stadium,22199,+1.79m
475,Koninklijke Sint-Truidense Voetbalvereniging,BE1,28,12,4,Daio Wasabi Stayen Stadium,11756,+1.14m
49364,Ingulets Petrove,UKR1,23,2,0,Stadion Ingulets,1720,+100k
498,KSC Lokeren (- 2020),BE1,0,0,0,Daknamstadion,12000,+-0
524,Gaziantepspor (- 2020),TR1,0,0,0,Gaziantep Stadyumu,33502,+-0
553,Ionikos Nikeas,GR1,17,11,0,Dimotiko Gipedo Neapolis,5500,+-0
642,De Graafschap Doetinchem,NL1,30,6,0,"Stadion ""De Vijverberg""",12600,+-0
6676,A.G.S Asteras Tripolis,GR1,30,17,2,Gipedo Theodoros Kolokotronis,7423,+100k
703,Nottingham Forest Football Club,GB1,28,24,16,The City Ground,30445,-48.23m
80,Verein für Leibesübungen Bochum 1848 – Fußballgemeinschaft,L1,29,13,4,Vonovia Ruhrstadion,26000,-2.45m
976,CF União Madeira (-2021),PO1,0,0,0,Centro Desportivo da Madeira,2500,+-0
1031,Luton Town Football Club,GB1,29,16,10,Kenilworth Road,11850,-25.62m
1071,Wigan Athletic,GB1,26,8,2,DW Stadium,25133,+290k
1090,Alkmaar Zaanstreek,NL1,29,10,4,AFAS Stadion,19478,+43.70m
1110,Huddersfield Town,GB1,33,12,3,John Smith's Stadium,24500,+11.28m
11126,Mordovia Saransk (-2020),RU1,0,0,0,Mordovia Arena,44442,+-0
1159,AS Nancy-Lorraine,FR1,27,5,0,Stade Marcel-Picot,20087,+-0
12438,Volga Nizhniy Novgorod (- 2016),RU1,0,0,0,Zentralstadion Lokomotiv,17856,+-0
1301,CS Marítimo,PO1,29,19,2,Estádio do Marítimo,10600,+200k
1304,Heracles Almelo,NL1,30,13,3,Erve Asito,12080,-300k
1421,Stade de Reims,FR1,24,17,10,Stade Auguste-Delaune,21684,+22.05m
1423,Valenciennes FC,FR1,30,15,5,Stade du Hainaut,25000,+2.52m
162,Association sportive de Monaco Football Club,FR1,24,24,15,Stade Louis-II,17000,-22.60m
20,Bursaspor,TR1,26,0,0,Bursa Büyükşehir Belediye Stadyumu,43361,+-0
235,Rooms Katholieke Combinatie Waalwijk,NL1,27,13,4,Mandemakers Stadion,7508,+-0
24,Eintracht Frankfurt Fußball AG,L1,34,20,8,Deutsche Bank Park,58000,+65.55m
2441,Athlitiki Enosi Konstantinoupoleos,GR1,32,22,14,OPAP Arena,31100,-13.35m
2861,KV Oostende,BE1,26,14,2,Diaz Arena,8432,+-0
294,Sport Lisboa e Benfica,PO1,24,16,9,Estádio da Luz,64642,+11.33m
3060,APS Atromitos Athinon,GR1,30,15,5,Stadio Peristeriou,9050,+-0
331,Club Atlético Osasuna,ES1,21,2,3,El Sadar,23576,-2.50m
3336,Desportivo Aves (- 2020),PO1,0,0,0,Estádio CD das Aves,5441,+-0
3709,Getafe Club de Fútbol S.A.D. Team Dubai,ES1,22,10,4,Coliseum,16800,-4.50m
383,Eindhovense Voetbalvereniging Philips Sport Vereniging,NL1,27,13,11,Philips Stadion,35000,+1.22m
499,Stichting Betaald Voetbal Vitesse Arnhem,NL1,31,13,6,GelreDome,21248,+4.75m
610,AFC Ajax Amsterdam,NL1,31,17,12,Johan Cruijff ArenA,55600,+46.70m
6414,Metalist Kharkiv (- 2016),UKR1,0,0,0,OSK Metalist,38685,+-0
6993,FK Mariupol,UKR1,0,0,0,Stadion im. Volodymyra Boyko,12680,+100k
750,FC Sochaux-Montbéliard,FR1,29,9,1,Stade Auguste-Bonal,20005,+6.30m
762,Newcastle United Football Club,GB1,28,13,12,St James' Park,52338,-108.60m
825,Eskisehirspor,TR1,41,1,0,Eskişehir Yeni Stadyum,34930,+-0
1041,Olympique Lyonnais,FR1,28,19,9,Groupama Stadium,59186,+31.99m
10690,FK Zarya Lugansk,UKR1,31,8,2,Arena Livyi Bereg,4700,+1.70m
1084,Málaga CF,ES1,27,8,0,La Rosaleda,30044,+950k
1148,Brentford Football Club,GB1,30,23,18,Gtech Community Stadium,17250,-62.26m
1162,SM Caen,FR1,27,12,4,Stade Michel-d'Ornano,20500,+3.05m
1184,Koninklijke Racing Club Genk,BE1,26,15,8,Cegeka Arena,24956,+4.05m
1186,Torpedo Moscow,RU1,28,6,3,Luzhniki Stadium,81000,-2.05m
128,AO Xanthi,GR1,0,0,0,Xanthi Arena,7361,+-0
1283,FC Emmen,NL1,17,6,0,De Oude Meerdijk,8309,+-0
142,Real Zaragoza,ES1,23,6,1,La Romareda,33608,+30k
16,Borussia Dortmund,L1,29,13,16,SIGNAL IDUNA PARK,81365,+47.35m
202,FC Groningen,NL1,29,10,1,Euroborg,22555,-586k
2288,Swansea City,GB1,22,17,4,Swansea.com Stadium,21088,+8.35m
237,Real Club Deportivo Mallorca S.A.D.,ES1,24,11,5,Mallorca Son Moix,26020,-2.30m
2381,Sivasspor Kulübü,TR1,27,12,4,Yeni 4 Eylül Stadı,27734,+4.72m
2423,CD Santa Clara,PO1,38,20,2,Estádio de São Miguel,12500,+-0
2425,Rio Ave Futebol Clube,PO1,29,15,0,Estádio dos Arcos,5300,+550k
2451,Inverness Caledonian Thistle FC,SC1,26,9,0,Tulloch Caledonian Stadium,7750,+-0
265,Panathinaikos Athlitikos Omilos,GR1,32,24,12,Apostolos Nikolaidis,15000,-8.00m
2832,Gaziantep Futbol Kulübü A.Ş.,TR1,30,15,8,Kalyon Stadyumu,30320,-585k
3558,GFC Ajaccio,FR1,5,1,1,Stade Ange-Casanova,4050,+-0
4102,AC Carpi,IT1,25,6,1,Sandro Cabassi,5510,+-0
42,Hannover 96,L1,28,6,1,Heinz-von-Heiden-Arena,49000,-300k
641,Middlesbrough FC,GB1,25,8,6,Riverside Stadium,33746,+16.68m
667,Racing Club de Strasbourg Alsace,FR1,24,13,6,Stade de la Meinau,26109,-16.20m
681,Real Sociedad de Fútbol S.A.D.,ES1,28,8,12,Reale Arena,39313,-2.60m
873,Crystal Palace Football Club,GB1,28,13,9,Selhurst Park,26047,-67.80m
1032,Reading FC,GB1,30,14,5,Select Car Leasing Stadium,24161,+3.06m
1039,Queens Park Rangers,GB1,26,15,8,Loftus Road Stadium,18360,+900k
1244,CD Leganés,ES1,23,8,3,Butarque,12454,+1.00m
14171,Thonon Évian Grand Genève FC,FR1,27,6,1,Stade Camille Fournier,2500,+-0
16704,FK Krasnodar,RU1,23,15,11,Stadion Krasnodar,35179,-9.58m
19771,Akhisarspor,TR1,14,0,0,Spor Toto Akhisar Stadyumu,12139,+5k
244,Olympique de Marseille,FR1,26,21,15,Orange Vélodrome,67394,-30.20m
29228,Royal Excel Mouscron (-2022),BE1,0,0,0,Le Canonnier,10830,+40k
3216,Mersin Talimyurdu SK,TR1,0,0,0,Mersin Stadyumu,25000,+-0
3508,SV Zulte Waregem,BE1,25,13,3,Elindus Arena,12250,+4.00m
354,Yellow-Red Koninklijke Voetbalclub Mechelen,BE1,28,11,4,AFAS Stadion,16672,-150k
367,Rayo Vallecano de Madrid S.A.D.,ES1,25,12,5,Campo de Fútbol de Vallecas,14708,-11.60m
379,West Ham United Football Club,GB1,23,14,12,London Stadium,62500,+25.80m
380,U.S. Salernitana 1919 S.r.l.,IT1,31,23,7,Arechi,29739,-23.69m
403,Willem II Tilburg,NL1,27,7,0,Koning Willem II Stadion,14700,+385k
40426,FC Tosno (-2018),RU1,0,0,0,Petrovsky,20985,+-0
41,Hamburger SV,L1,30,15,4,Volksparkstadion,57000,-6.00m
443,Vejle Boldklub,DK1,26,15,2,Vejle Stadion,10418,+-0
5724,Randers Fodbold Club,DK1,29,16,1,Cepheus Park Randers,10300,+3.84m
601,Koninklijke Voetbalclub Kortrijk,BE1,28,19,5,Guldensporenstadion,9399,+6.45m
79,Verein für Bewegungsspiele Stuttgart 1893,L1,28,11,9,MHPArena Stuttgart,60449,+28.20m
86,Sportverein Werder Bremen von 1899,L1,25,12,6,Wohninvest-Weserstadion,42100,+22.61m
931,Fulham Football Club,GB1,24,22,15,Craven Cottage,25700,-15.27m
964,AO FK Zenit Sankt-Peterburg,RU1,25,13,7,Gazprom Arena,63026,+16.27m
1268,ADO Den Haag,NL1,34,9,4,Bingoal Stadion,15000,+-0
1506,Kardemir Karabükspor,TR1,0,0,0,Dr. Necmettin Şeyhoğlu,12400,+-0
1531,Elche CF,ES1,18,5,0,Manuel Martínez Valero,31388,+1.00m
2282,Club Brugge Koninklijke Voetbalvereniging,BE1,27,17,9,Jan Breydel-Stadion,29062,+25.75m
2293,Konyaspor,TR1,29,15,4,Medaş Konya Büyükşehir Stadyumu,41600,+1.28m
23611,Olimpik Donetsk,UKR1,0,0,0,NTK im. B. M. Bannikova,1678,+-0
2431,Club Football Estrela da Amadora,PO1,33,23,4,Estádio José Gomes,9288,+-0
2698,FC Rubin Kazan,RU1,29,17,5,Ak Bars Arena,45379,-8.45m
2760,Partick Thistle FC,SC1,19,1,0,The Energy Check Stadium at Firhill,10102,+-0
2944,Ankaraspor,TR1,30,1,0,Osmanlı Stadı,19626,+-0
36,Fenerbahçe Spor Kulübü,TR1,27,16,16,Ülker Stadyumu FB Şükrü Saraçoğlu Spor Kompleksi,47544,-2.71m
385,Fortuna Sittardia Combinatie,NL1,26,19,5,Fortuna Sittard Stadion,12500,+3.10m
468,Sparta Rotterdam,NL1,24,13,5,Sparta-stadion - Het Kasteel,11026,-650k
583,Paris Saint-Germain Football Club,FR1,30,17,20,Parc des Princes,49691,-247.00m
621,Athletic Club Bilbao,ES1,25,1,5,San Mamés,53289,+-0
65,SpVgg Greuther Fürth,L1,28,11,2,Sportpark Ronhof | Thomas Sommer,16626,+3.97m
6646,Fatih Karagümrük Sportif Faaliyetler San. Tic. A.Ş.,TR1,30,17,5,Atatürk Olimpiyat,77563,+3.30m
683,Olympiakos Syndesmos Filathlon Peiraios,GR1,31,24,8,Stadio Georgios Karaiskakis,32115,+4.47m
723,Almere City Football Club,NL1,27,14,2,Yanmar Stadion,4501,+250k
855,EA Guingamp,FR1,27,7,1,Stade du Roudourou,18120,+3.70m
924,İstanbulspor A.Ş.,TR1,28,9,4,Esenyurt Necmi Kadıoğlu Stadyumu,4274,-250k
968,Koninklijke Voetbal Club Westerlo,BE1,29,17,6,Het Kuipje,8035,-20.38m
985,Manchester United Football Club,GB1,26,19,17,Old Trafford,74879,-143.96m
11282,Alanyaspor,TR1,27,14,7,Kırbıyık Holding Stadyumu,9789,+800k
1132,Burnley Football Club,GB1,29,22,13,Turf Moor,21994,-107.25m
1435,Go Ahead Eagles,NL1,24,9,1,De Adelaarshorst,9909,-1.19m
150,Real Betis Balompié S.A.D.,ES1,26,15,8,Benito Villamarín,60721,+37.50m
152,Samsunspor,TR1,32,15,6,Samsun Yeni 19 Mayıs Stadyumu,33919,-5.85m
172,Royal Charleroi Sporting Club,BE1,31,22,7,Stade du Pays de Charleroi,15000,+4.50m
18303,FK Oleksandriya,UKR1,29,5,0,KSK Nika,7000,+1.22m
2410,PFK CSKA Moskva,RU1,26,10,9,VEB Arena,30114,+1.35m
2503,Boavista Futebol Clube,PO1,25,12,4,Estádio do Bessa Século XXI,28263,+400k
26459,NK Veres Rivne,UKR1,27,3,0,Stadion Avangard (2022),7122,-50k
2671,Panipirotikos Athlitikos Syllogos Giannina,GR1,30,15,0,Stadio Zosimades,7652,+-0
2700,Anzhi Makhachkala ( -2022),RU1,0,0,0,RDYuSSh MinObrNauki RD Politekh Makhachkala,1600,+-0
28095,FK Ufa,RU1,26,3,0,Neftyanik,15132,+4.84m
2999,Hamilton Academical FC,SC1,28,9,0,Fountain of Youth Stadium,6018,+-0
3368,Levante UD,ES1,23,6,0,Ciutat de València,26354,+7.80m
338,Futbolniy Klub Dynamo Kyiv,UKR1,27,2,10,Valeriy Lobanovsky Stadion,16873,+1.20m
371,The Celtic Football Club,SC1,28,21,15,Celtic Park,60832,+20.34m
506,Juventus Football Club,IT1,27,15,15,Allianz Stadium,41507,-28.72m
618,AS Saint-Étienne,FR1,29,8,3,Stade Geoffroy-Guichard,42000,+12.85m
6992,ZAO FK Chornomorets Odessa,UKR1,27,8,0,Stadion Chornomorets (2011),34164,+-0
820,Genclerbirligi Ankara,TR1,34,10,1,Eryaman Stadyumu,20560,+195k
1083,FK Rostov,RU1,26,5,5,Rostov Arena,45415,+30k
1095,ESTAC Troyes,FR1,29,16,5,Stade de l'Aube,21877,+-0
121,FK Dinamo Moskva,RU1,25,12,12,VTB-Arena,25716,+7.95m
1420,Angers SCO,FR1,27,12,5,Stade Raymond Kopa,19350,+3.50m
16245,FK Sevastopol (- 2014),UKR1,0,0,0,SK Sevastopol,5826,+-0
22110,FC Helsingör,DK1,23,4,1,Helsingør Ny Stadion,4000,+320k
23826,RasenBallsport Leipzig,L1,24,16,17,Red Bull Arena,47069,+64.20m
24245,Ümraniyespor,TR1,12,3,1,Ümraniye Belediyesi Şehir Stadı,3513,+-0
2687,Cádiz Club de Fútbol S.A.D,ES1,29,10,4,Nuevo Mirandilla,21094,+3.50m
2696,PFK Krylya Sovetov Samara,RU1,29,8,6,Solidarnost Samara Arena,42347,-1.13m
2919,Associazione Calcio Monza,IT1,30,11,4,U-Power Stadium - Brianteo,17102,-45.30m
317,Football Club Twente,NL1,27,9,2,De Grolsch Veste,30205,+19.10m
3209,Pendikspor,TR1,29,11,3,Pendik Stadı,4105,-4.80m
339,Dnipro Dnipropetrovsk (-2020),UKR1,0,0,0,Meteor,24381,+-0
3524,Clermont Foot 63,FR1,25,13,6,Stade Gabriel-Montpied,13000,+8.90m
398,Società Sportiva Lazio S.p.A.,IT1,27,15,12,Olimpico di Roma,73261,+9.90m
4171,Benevento Calcio,IT1,31,16,2,Ciro Vigorito,16867,-1.93m
418,Real Madrid Club de Fútbol,ES1,24,17,21,Santiago Bernabéu,81044,-122.50m
49702,FK Nizhny Novgorod,RU1,29,5,3,Nizhny Novgorod Stadium,44242,+2.09m
54189,Racing White Daring Molenbeek,BE1,31,21,3,Edmond Machtensstadion,11000,-25.75m
6574,Unione Sportiva Sassuolo Calcio,IT1,27,15,9,Mapei Stadium - Città del Tricolore,21584,+47.63m
7179,CD Tondela,PO1,26,12,2,Estádio João Cardoso,5000,+50k
720,Futebol Clube do Porto,PO1,28,17,13,Estádio do Dragão,50033,+22.56m
738,Le Havre Athletic Club,FR1,24,14,5,Stade Océane,25178,-2.90m
89,1. FC Union Berlin,L1,24,15,9,Stadion An der Alten Försterei,22012,-31.10m
940,Real Club Celta de Vigo S. A. D.,ES1,27,12,7,Abanca Balaídos,24870,+15.00m
1387,Siena FC,IT1,20,2,0,Artemio Franchi,15373,+-0
105,Sportverein Darmstadt 1898 e. V.,L1,31,11,1,Merck-Stadion am Böllenfalltor,17810,-1.48m
11127,FK Ural Yekaterinburg,RU1,27,15,6,Yekaterinburg Arena,23000,-895k
114,Beşiktaş Jimnastik Kulübü,TR1,37,17,14,Tüpraş Stadyumu,42445,-26.00m
12,Associazione Sportiva Roma,IT1,26,18,16,Olimpico di Roma,73261,+63.20m
148,Tottenham Hotspur Football Club,GB1,26,20,20,Tottenham Hotspur Stadium,62850,-151.40m
157,Koninklijke Atletiek Associatie Gent,BE1,29,18,8,Planet Group Arena,19999,+32.22m
1894,Hvidovre Idrætsforening,DK1,24,3,3,PRO VENTILATION Arena,12000,+335k
190,Football Club København,DK1,28,15,9,Parken,38065,+6.88m
192,Roda JC Kerkrade,NL1,25,9,0,Parkstad Limburg Stadion,19979,+1.30m
19789,Yeni Malatyaspor,TR1,10,1,0,Yeni Malatya Stadyumu,25745,+778k
2079,Veria NPS,GR1,29,4,0,Dimotiko Stadio Verias,6350,+-0
21957,AO Platanias,GR1,0,0,0,Dimotiko Gipedo Perivolia,3700,+-0
2414,AC Horsens,DK1,19,9,4,Nordstern Arena Horsens,10400,+-0
1390,Cagliari Calcio,IT1,27,13,10,Unipol Domus,16412,-8.87m
1416,Amiens SC,FR1,24,10,7,Stade Crédit Agricole la Licorne,12999,+700k
1467,Göztepe,TR1,31,10,0,Gürsel Aksel Stadyumu,19713,+1.60m
167,FC Augsburg 1907,L1,27,16,6,WWK ARENA,30660,+18.45m
232,FK Spartak Moskva,RU1,27,10,14,Lukoil Arena,44571,-32.50m
2420,Vitória Sport Clube,PO1,26,9,2,Estádio D. Afonso Henriques,30029,+22.06m
2424,Gil Vicente Futebol Clube,PO1,29,17,4,Estádio Cidade de Barcelos,12046,+7.90m
2439,Kuban Krasnodar (-2018),RU1,0,0,0,Kuban Stadium,31654,+-0
2703,Spartak Vladikavkaz (-2020),RU1,0,0,0,Republican Stadium Spartak,32464,+-0
289,Sunderland AFC,GB1,26,12,6,Stadium of Light,48707,-6.06m
2921,Delfino Pescara 1936,IT1,28,6,1,Adriatico,20476,+4.60m
3,1. Fußball-Club Köln,L1,29,8,5,RheinEnergieSTADION,50000,+600k
3719,FK Khimki,RU1,26,7,1,Arena Khimki,18636,-595k
3729,Arsenal Tula,RU1,27,2,1,Arsenal,19241,+1.80m
3840,Adana Demirspor Kulübü,TR1,31,16,9,Yeni Adana Stadyumu,30960,-1.40m
430,Associazione Calcio Fiorentina,IT1,28,14,7,Artemio Franchi,43147,+16.78m
4482,Volyn Lutsk,UKR1,0,0,0,Stadion Avangard,12080,+-0
48726,FC Rukh Lviv,UKR1,24,3,1,Arena Lviv,34725,+-0
5,Associazione Calcio Milan,IT1,26,17,14,Giuseppe Meazza,75923,-50.50m
512,Stoke City,GB1,24,9,6,bet365 Stadium,30089,+17.00m
5818,Hobro IK,DK1,22,4,2,DS Arena,7500,+-0
60949,Neos Podosferikos Syllogos Volou,GR1,27,17,1,Panthessaliko Stadio,22700,+-0
678,Aarhus Gymnastik Forening,DK1,28,10,3,Ceres Park,19433,+10.41m
7775,Hatayspor Futbol Kulübü,TR1,33,15,7,Mersin Stadyumu,25000,+7.14m
826,Racing Club de Lens,FR1,27,14,12,Stade Bollaert-Delelis,38223,+5.14m
8838,Zirka Kropyvnytskyi,UKR1,7,0,0,Zirka,14628,+-0
897,Deportivo de La Coruña,ES1,24,3,0,Abanca Riazor,32912,-435k
987,Motherwell Football Club,SC1,24,14,6,Fir Park,13750,+586k
1063,Viborg Fodsports Forening,DK1,27,16,3,Viborg Stadion,10000,+5.59m
1085,Vitória Setúbal FC,PO1,29,10,0,Estádio do Bonfim,18642,+-0
11,Arsenal Football Club,GB1,25,18,20,Emirates Stadium,60704,-165.74m
126,Çaykur Rizespor Kulübü,TR1,32,16,6,Çaykur Didi,14850,-3.41m
1627,Catania FC,IT1,27,5,0,Cibali - Angelo Massimino,20204,-101k
16795,Granada Club de Fútbol S.A.D.,ES1,26,11,4,Nuevo Los Cármenes,19336,-6.70m
204,Lierse SK (- 2018),BE1,0,0,0,Herman Vanderpoortenstadion,14538,+-0
2227,SK Tavriya Simferopol ( - 2022),UKR1,0,0,0,RS Lokomotiv,19978,+-0
2239,US Cremonese,IT1,29,9,2,Giovanni Zini,16003,+5.00m
252,Genoa Cricket and Football Club,IT1,27,19,7,Luigi Ferraris,34901,-13.60m
281,Manchester City Football Club,GB1,22,16,18,Etihad Stadium,55017,-133.80m
3302,Unión Deportiva Almería S.A.D.,ES1,25,14,6,Power Horse Stadium,18331,-800k
39,1. Fußball- und Sportverein Mainz 05,L1,27,11,6,Mewa Arena,33305,+13.55m
3999,PAS Lamia 1964,GR1,28,12,3,"Stadio Lamia ""Athanasios Diakos""",5500,+300k
405,Aston Villa Football Club,GB1,27,18,16,Villa Park,42682,-78.95m
2457,B SAD,PO1,25,13,4,Estádio Nacional do Jamor,37593,+1.80m
1123,Norwich City,GB1,25,17,12,Carrow Road,27244,-10.33m
441,Apollon Smyrnis,GR1,27,15,0,Stadio Neas Smyrnis,11700,+-0
5219,AOK Kerkyra,GR1,8,1,0,Ethniko Stadio Kerkyras,3000,+-0
543,Wolverhampton Wanderers Football Club,GB1,24,19,15,Molineux Stadium,32050,+75.20m
60,Sport-Club Freiburg,L1,28,11,8,Europa-Park Stadion,34700,+34.30m
61825,FK Minaj,UKR1,24,0,0,Minaj-Arena,1312,+240k
63007,LNZ Cherkasy,UKR1,27,7,1,Cherkasy-Arena,10321,-1.10m
660,FC Shakhtar Donetsk,UKR1,31,12,15,Arena Lviv,34725,-26.10m
6894,Kayseri Erciyesspor,TR1,0,0,0,Kayseri Atatürk Spor Kompleksi Yan Açık Saha,2000,+-0
6912,Futebol Clube de Vizela,PO1,25,17,2,Estádio do Vizela,6565,+1.20m
714,RCD Espanyol Barcelona,ES1,26,6,4,RCDE Stadium,40500,+5.50m
798,Excelsior Rotterdam,NL1,28,11,1,Van Donge & De Roo Stadion - Woudestein,4400,-382k
862,Chievo Verona,IT1,0,0,0,Marcantonio Bentegodi,31045,+-0
8970,Frosinone Calcio S.r.l.,IT1,33,18,3,Benito Stirpe,16227,+6.45m
9007,Arsenal Kyiv,UKR1,0,0,0,NSK Olimpisky,70050,+-0
12321,Girona Fútbol Club S. A. D.,ES1,23,9,7,Montilivi,14624,-4.35m
1241,Livingston Football Club,SC1,26,12,1,Tony Macaroni Arena,9512,+-0
127,SC Paderborn 07,L1,26,5,1,Home Deluxe Arena,15000,-450k
19,Brescia Calcio,IT1,28,12,1,Mario Rigamonti,19550,+3.65m
23,Eintracht Braunschweig,L1,30,11,2,EINTRACHT-Stadion,23325,+750k
33,FC Schalke 04,L1,27,12,4,Veltins-Arena,62271,+10.30m
350,Sheffield United Football Club,GB1,30,17,8,Bramall Lane,32702,-36.05m
3592,FK Kryvbas Kryvyi Rig,UKR1,31,9,4,Girnyk,2500,-240k
369,Lyngby Boldklubben af 1921,DK1,27,8,3,Lyngby Stadion,10000,+3.50m
3725,RFK Akhmat Grozny,RU1,27,13,6,Akhmat-Arena,30200,-2.05m
41201,PFK Tambov (-2021),RU1,0,0,0,Mordovia Arena,44149,+-0
472,Unión Deportiva Las Palmas S.A.D.,ES1,27,8,3,Estadio de Gran Canaria,32400,-4.80m
520,Cercle Brugge Koninklijke Sportvereniging,BE1,28,17,5,Jan-Breydel-Stadion,29062,+10.50m
6418,Panetolikos Agrinio,GR1,32,15,2,Gipedo Panetolikou,7321,+-0
653,Omilos Filathlon Irakliou FC,GR1,29,17,4,Gipedo Theodoros Vardinogiannis,9088,+2.05m
6994,Metalurg Zaporizhya (-2016),UKR1,0,0,0,Slavutych Arena,11883,+-0
7378,Portimonense Futebol SAD,PO1,33,25,3,Estádio Municipal de Portimão,4961,-550k
982,CD Nacional,PO1,27,12,2,Estádio da Madeira,5586,+-0
1005,Unione Sportiva Lecce,IT1,28,21,6,Ettore Giardiniero,31559,+4.25m
1038,UC Sampdoria,IT1,33,5,4,Luigi Ferraris,36348,+1.75m
1091,Panthessalonikios Athlitikos Omilos Konstantinoupoliton,GR1,26,20,10,Toumba Stadium,28703,+7.05m
1210,US Livorno 1915,IT1,29,5,0,Armando Picchi,19238,+-0
1245,Königliche Allgemeine Sportvereinigung Eupen,BE1,30,19,8,Kehrweg-Stadion,8331,+1.10m
1426,VVV-Venlo,NL1,28,7,0,Covebo Stadion - De Koel,8000,+-0
1533,SD Eibar,ES1,26,5,0,Ipurua,8164,+2.60m
180,Southampton FC,GB1,29,20,13,St Mary's Stadium,32384,+2.40m
19657,Vendsyssel FF,DK1,24,7,0,Nord Energi Arena,10000,-20k
234,Feyenoord Rotterdam,NL1,27,14,16,"Stadion Feyenoord ""De Kuip""",47500,+5.40m
2375,Altay SK,TR1,31,3,0,Alsancak Mustafa Denizli Stadı,15000,+1.42m
2448,Sporting Gijón,ES1,28,10,2,El Molinón - Enrique Castro Quini,29029,+5.23m
2741,FK Baltika,RU1,28,15,6,Rostec Arena,35000,-3.85m
2783,Metalurg Donetsk (- 2015),UKR1,0,0,0,Metalurg,5090,+-0
3205,Kayserispor Kulübü,TR1,30,15,7,RHG Enertürk Enerji Stadyumu,32864,+1.70m
3349,CD Feirense,PO1,24,11,2,Estádio Marcolino de Castro,5401,+325k
3385,Panserraikos Serres,GR1,28,11,3,Dimotiko Gipedo Serron,9500,+-0
368,Sevilla Fútbol Club S.A.D.,ES1,28,18,9,Ramón Sánchez-Pizjuán,43883,-5.40m
38,Fortuna Düsseldorf,L1,29,12,2,MERKUR SPIEL-ARENA,54600,+600k
3948,Royale Union Saint-Gilloise,BE1,26,19,8,Stade Joseph Mariën,8000,+19.15m
415,Toulouse Football Club,FR1,27,21,11,Stadium Municipal,33150,-4.05m
416,Torino Calcio,IT1,26,19,11,Stadio Olimpico Grande Torino,28177,-28.65m
417,Olympique Gymnaste Club Nice Côte d'Azur,FR1,28,12,9,Allianz Riviera,36178,-33.69m
44,Hertha BSC,L1,36,14,7,Olympiastadion Berlin,74667,+6.70m
467,Nijmegen Eendracht Combinatie,NL1,24,9,3,Goffertstadion,12500,+7.43m
53646,FK Polissya Zhytomyr,UKR1,25,6,3,Tsentralnyi Polissya,5928,-3.95m
631,Chelsea Football Club,GB1,30,19,14,Stamford Bridge,40853,-198.30m
749,Empoli Football Club S.r.l.,IT1,28,14,8,Carlo Castellani,19847,+48.60m
833,Denizlispor,TR1,27,3,1,Denizli Atatürk Stadı,18745,+-0
865,Fodbold Club Midtjylland,DK1,27,18,10,MCH Arena,12152,-3.12m
10,Arminia Bielefeld,L1,27,15,4,SchücoArena,26515,+5.90m
10484,Kasımpaşa Spor Kulübü,TR1,27,14,3,Recep Tayyip Erdoğan Stadyumu,13797,-1.00m
1049,Valencia Club de Fútbol S. A. D.,ES1,25,9,6,Mestalla,49430,+17.00m
1053,Aalborg BK,DK1,27,10,0,Aalborg Portland Park,13800,+350k
1075,Sporting Clube de Braga,PO1,24,15,7,Estádio Municipal de Braga,30286,-5.00m
1269,Prins Hendrik Ende Desespereert Nimmer Combinatie Zwolle,NL1,27,10,1,MAC³PARK stadion,14000,+4.80m
132,NAC Breda,NL1,32,10,2,Rat Verlegh Stadion,19000,+115k
2292,Elazigspor,TR1,28,0,0,Elazığ Stadyumu,23000,+-0
27,FC Bayern München,L1,27,16,20,Allianz Arena,75024,-14.25m
2759,Ross County Football Club,SC1,29,19,1,Global Energy Stadium,6541,-70k
2778,Fodbold Club Nordsjælland,DK1,28,12,4,Right to Dream Park,10300,+18.60m
29,Everton Football Club,GB1,24,11,7,Goodison Park,39571,+42.30m
290,AJ Auxerre,FR1,26,15,6,Stade de l'Abbé-Deschamps,18541,+-0
30120,Athlitiki Enosi Kifisias,GR1,29,17,1,"Gipedo Kesarianis ""Michalis Kritikopoulos""",4851,+-0
306,Sportclub Heerenveen,NL1,26,15,9,Abe Lenstra Stadion,27224,+2.80m
3268,Casa Pia Atlético Clube,PO1,28,14,4,Estádio Municipal de Rio Maior,6925,+5.28m
347,Football Club de Metz,FR1,28,21,9,Stade Saint-Symphorien,28786,+23.70m
3714,Enisey Krasnoyarsk,RU1,26,2,1,Zentralstadion Krasnoyarsk,15000,+601k
399,Leeds United,GB1,27,18,9,Elland Road,37890,+930k
4083,FC Crotone,IT1,25,6,1,Ezio Scida,16640,+3.90m
465,Saint Mirren Football Club,SC1,25,19,8,The SMISA Stadium,8023,-146k
48332,FK Kolos Kovalivka,UKR1,26,4,1,Kolos,5050,+100k
533,TSG 1899 Hoffenheim Fußball-Spielbetriebs GmbH,L1,28,12,12,PreZero Arena,30150,-6.55m
58,Royal Sporting Club Anderlecht,BE1,24,13,9,Lotto Park,21500,+8.37m
607,Venezia FC,IT1,27,17,5,Pier Luigi Penzo,11150,+4.83m
68608,CF Os Belenenses,PO1,30,5,0,Estádio do Restelo,19980,+-0
724,Football Club Volendam,NL1,32,17,3,Kras Stadion,7384,+2.30m
800,Atalanta Bergamasca Calcio S.p.a.,IT1,25,17,16,Gewiss Stadium,21747,+74.49m
979,Moreirense Futebol Clube,PO1,29,17,3,Estádio C. J. de Almeida Freitas,6153,-2.05m
984,West Bromwich Albion,GB1,25,8,4,The Hawthorns,26850,-1.35m
